Workbook

Sheet 【2】按冷站电量数据 
B2: 节能量测算与评估表
B3: 测算说明： 1、该测算表适用于仅有冷站逐月电量数据的情况； 2、该表格需填写各设备运行规律和电量占比情况、冷却水额定温差、冷却泵最小允许运行频率，冷冻水额定温差、冷冻水最小允许运行频率、项目所属地区、电费单价等数据（表格中橙色字段）； 3、该表计算结果仅用于技术和商务方案参考，不可作为最后结算评估值； | H3: 项目地区 | J3: 冷却水额定温差（℃） | L3: 5 | M3: 冷机能耗占比 | P3: 0.65 | Q3: 1
H4: 华北 | J4: 冷却泵最小频率（Hz） | L4: 35 | M4: 冷却泵能耗占比 | P4: 0.2 | R4: 华南
J5: 冷冻水额定温差（℃） | L5: 5 | M5: 冷冻泵能耗占比 | P5: 0.1 | R5: 华东
J6: 冷冻泵最小频率（Hz） | L6: 35 | M6: 冷却塔能耗占比 | P6: 0.05 | R6: 华中
B7: 冷机 | C7: 分项 | D7: 1月 | E7: 2月 | F7: 3月 | G7: 4月 | H7: 5月 | I7: 6月 | J7: 7月 | K7: 8月 | L7: 9月 | M7: 10月 | N7: 11月 | O7: 12月 | P7: 总计 | R7: 西南
C8: 冷机能耗（万kWh） | D8: =D27*$P$3 -> 13.51662 | E8: =E27*$P$3 -> 13.08216 | F8: =F27*$P$3 -> 15.45102 | G8: =G27*$P$3 -> 16.146 | H8: =H27*$P$3 -> 32.30448 | I8: =I27*$P$3 -> 33.9768 | J8: =J27*$P$3 -> 36.5118 | K8: =K27*$P$3 -> 37.353264 | ... O8: =O27*$P$3 -> 13.51662 | P8: =SUM(D8:O8) -> 276.69158 | R8: 西北
C9: 用户供水设定温度（℃） | D9: 9 | E9: 9 | F9: 9 | G9: 9 | H9: 9 | I9: 9 | J9: 9 | K9: 9 | L9: 9 | M9: 9 | N9: 9 | O9: 9 | R9: 华北
C10: 预计供水温度（℃） | D10: =IF(D9<8.5,D9+5,IF(D9<10,D9+4,IF(D9<12,D9+3,D9))) -> 13 | E10: =IF(E9<8.5,E9+4.5,IF(E9<10,E9+4,IF(E9<12,E9+3,E9))) -> 13 | F10: =IF(F9<8.5,F9+4,IF(F9<10,F9+3.5,IF(F9<12,F9+3,F9))) -> 12.5 | G10: =IF(G9<8.5,G9+3.5,IF(G9<10,G9+3,IF(G9<12,G9+2.5,G9))) -> 12 | H10: =IF(H9<8.5,H9+3,IF(H9<10,H9+2.5,IF(H9<12,H9+2,H9))) -> 11.5 | I10: =IF(I9<8.5,I9+2.5,IF(I9<10,I9+1.5,IF(I9<12,I9+1.5,I9))) -> 10.5 | J10: =IF(J9<8.5,J9+2.5,IF(J9<10,J9+1.5,IF(J9<12,J9+1.5,J9))) -> 10.5 | K10: =IF(K9<8.5,K9+2.5,IF(K9<10,K9+1.5,IF(K9<12,K9+1.5,K9))) -> 10.5 | L10: =IF(L9<8.5,L9+3,IF(L9<10,L9+2.5,IF(L9<12,L9+2,L9))) -> 11.5 | M10: =IF(M9<8.5,M9+3.5,IF(M9<10,M9+3,IF(M9<12,M9+2.5,M9))) -> 12 | N10: =IF(N9<8.5,N9+4,IF(N9<10,N9+3.5,IF(N9<12,N9+3,N9))) -> 12.5 | O10: =IF(O9<8.5,O9+4.5,IF(O9<10,O9+4,IF(O9<12,O9+3,O9))) -> 13
C11: 冷机预计节能量（万kWh） | D11: =D8*(D10-D9)*0.04 -> 2.1626592 | E11: =E8*(E10-E9)*0.04 -> 2.0931456 | F11: =F8*(F10-F9)*0.04 -> 2.1631428 | G11: =G8*(G10-G9)*0.04 -> 1.93752 | H11: =H8*(H10-H9)*0.04 -> 3.230448 | I11: =I8*(I10-I9)*0.04 -> 2.038608 | J11: =J8*(J10-J9)*0.04 -> 2.190708 | K11: =K8*(K10-K9)*0.04 -> 2.2411958 | ... O11: =O8*(O10-O9)*0.04 -> 2.1626592 | P11: =SUM(D11:O11) -> 27.609245 | Q11: =P11/P8 -> 0.099783465 | V11: =P11/P27 -> 0.064859252
B12: 冷却泵 | C12: 冷却泵能耗（万kWh） | D12: =D27*$P$4 -> 4.15896 | E12: =E27*$P$4 -> 4.02528 | F12: =F27*$P$4 -> 4.75416 | G12: =G27*$P$4 -> 4.968 | H12: =H27*$P$4 -> 9.93984 | I12: =I27*$P$4 -> 10.4544 | J12: =J27*$P$4 -> 11.2344 | K12: =K27*$P$4 -> 11.493312 | ... O12: =O27*$P$4 -> 4.15896 | P12: =SUM(D12:O12) -> 85.135872
C13: 用户设定运行频率（Hz） | D13: 45 | E13: 50 | F13: 50 | G13: 50 | H13: 40 | I13: 50 | J13: 44 | K13: 50 | L13: 50 | M13: 50 | N13: 50 | O13: 38
C14: 冷却侧供回水温差（℃） | D14: 4.5 | E14: 3 | F14: 4 | G14: 4 | H14: 5 | I14: 4.5 | J14: 4.5 | K14: 5 | L14: 4 | M14: 4 | N14: 3 | O14: 3
C15: 预计设定频率（Hz） | D15: =IF(D14<=$L$3,IF(D14/$L$3*D13<$L$4,$L$4,IF(D14/$L$3*D13<=50,D14/$L$3*D13,50)),D13) -> 40.5 | E15: =IF(E14<=$L$3,IF(E14/$L$3*E13<$L$4,$L$4,IF(E14/$L$3*E13<=50,E14/$L$3*E13,50)),E13) -> 35 | F15: =IF(F14<=$L$3,IF(F14/$L$3*F13<$L$4,$L$4,IF(F14/$L$3*F13<=50,F14/$L$3*F13,50)),F13) -> 40 | G15: =IF(G14<=$L$3,IF(G14/$L$3*G13<$L$4,$L$4,IF(G14/$L$3*G13<=50,G14/$L$3*G13,50)),G13) -> 40 | H15: =IF(H14<=$L$3,IF(H14/$L$3*H13<$L$4,$L$4,IF(H14/$L$3*H13<=50,H14/$L$3*H13,50)),H13) -> 40 | I15: =IF(I14<=$L$3,IF(I14/$L$3*I13<$L$4,$L$4,IF(I14/$L$3*I13<=50,I14/$L$3*I13,50)),I13) -> 45 | J15: =IF(J14<=$L$3,IF(J14/$L$3*J13<$L$4,$L$4,IF(J14/$L$3*J13<=50,J14/$L$3*J13,50)),J13) -> 39.6 | K15: =IF(K14<=$L$3,IF(K14/$L$3*K13<$L$4,$L$4,IF(K14/$L$3*K13<=50,K14/$L$3*K13,50)),K13) -> 50 | ... O15: =IF(O14<=$L$3,IF(O14/$L$3*O13<$L$4,$L$4,IF(O14/$L$3*O13<=50,O14/$L$3*O13,50)),O13) -> 35
C16: 冷却泵预计节能量（万kWh） | D16: =D12*(1-(D15/D13)^2.5) -> 0.96307593 | E16: =E12*(1-(E15/E13)^2.5) -> 2.3750625 | F16: =F12*(1-(F15/F13)^2.5) -> 2.03272 | G16: =G12*(1-(G15/G13)^2.5) -> 2.1241509 | H16: =H12*(1-(H15/H13)^2.5) -> 0 | I16: =I12*(1-(I15/I13)^2.5) -> 2.4208891 | J16: =J12*(1-(J15/J13)^2.5) -> 2.601511 | K16: =K12*(1-(K15/K13)^2.5) -> 0 | ... O16: =O12*(1-(O15/O13)^2.5) -> 0.77289054 | P16: =SUM(D16:O16) -> 22.541395 | Q16: =P16/P12 -> 0.26476964 | V16: =P16/P27 -> 0.052953929
B17: 冷冻泵 | C17: 冷冻泵能耗（万kWh） | D17: =D27*$P$5 -> 2.07948 | E17: =E27*$P$5 -> 2.01264 | F17: =F27*$P$5 -> 2.37708 | G17: =G27*$P$5 -> 2.484 | H17: =H27*$P$5 -> 4.96992 | I17: =I27*$P$5 -> 5.2272 | J17: =J27*$P$5 -> 5.6172 | K17: =K27*$P$5 -> 5.746656 | ... O17: =O27*$P$5 -> 2.07948 | P17: =SUM(D17:O17) -> 42.567936
C18: 用户设定运行频率（Hz） | D18: 50 | E18: 50 | F18: 50 | G18: 44 | H18: 50 | I18: 38 | J18: 50 | K18: 50 | L18: 50 | M18: 50 | N18: 50 | O18: 50
C19: 冷冻侧供回水温差（℃） | D19: 4.5 | E19: 3 | F19: 4 | G19: 4 | H19: 2.9 | I19: 4.5 | J19: 4.5 | K19: 5 | L19: 4 | M19: 4 | N19: 3 | O19: 3
C20: 预计设定频率（Hz） | D20: =IF(D19<=$L$5,IF(D19/$L$5*D18<$L$6,$L$6,IF(D19/$L$5*D18<=50,D19/$L$5*D18,50)),D18) -> 45 | E20: =IF(E19<=$L$5,IF(E19/$L$5*E18<$L$6,$L$6,IF(E19/$L$5*E18<=50,E19/$L$5*E18,50)),E18) -> 35 | F20: =IF(F19<=$L$5,IF(F19/$L$5*F18<$L$6,$L$6,IF(F19/$L$5*F18<=50,F19/$L$5*F18,50)),F18) -> 40 | G20: =IF(G19<=$L$5,IF(G19/$L$5*G18<$L$6,$L$6,IF(G19/$L$5*G18<=50,G19/$L$5*G18,50)),G18) -> 35.2 | H20: =IF(H19<=$L$5,IF(H19/$L$5*H18<$L$6,$L$6,IF(H19/$L$5*H18<=50,H19/$L$5*H18,50)),H18) -> 35 | I20: =IF(I19<=$L$5,IF(I19/$L$5*I18<$L$6,$L$6,IF(I19/$L$5*I18<=50,I19/$L$5*I18,50)),I18) -> 35 | J20: =IF(J19<=$L$5,IF(J19/$L$5*J18<$L$6,$L$6,IF(J19/$L$5*J18<=50,J19/$L$5*J18,50)),J18) -> 45 | K20: =IF(K19<=$L$5,IF(K19/$L$5*K18<$L$6,$L$6,IF(K19/$L$5*K18<=50,K19/$L$5*K18,50)),K18) -> 50 | ... O20: =IF(O19<=$L$5,IF(O19/$L$5*O18<$L$6,$L$6,IF(O19/$L$5*O18<=50,O19/$L$5*O18,50)),O18) -> 35
C21: 冷冻泵预计节能量（万kWh） | D21: =D17*(1-(D20/D18)^2.5) -> 0.48153796 | E21: =E17*(1-(E20/E18)^2.5) -> 1.1875312 | F21: =F17*(1-(F20/F18)^2.5) -> 1.01636 | G21: =G17*(1-(G20/G18)^2.5) -> 1.0620754 | H21: =H17*(1-(H20/H18)^2.5) -> 2.9324346 | I21: =I17*(1-(I20/I18)^2.5) -> 0.97140954 | J21: =J17*(1-(J20/J18)^2.5) -> 1.3007555 | K21: =K17*(1-(K20/K18)^2.5) -> 0 | ... O21: =O17*(1-(O20/O18)^2.5) -> 1.2269693 | P21: =SUM(D21:O21) -> 14.804621 | Q21: =P21/P17 -> 0.34778808 | V21: =P21/P27 -> 0.034778808
B22: 冷却塔 | C22: 冷却塔能耗（万kWh） | D22: =D27*$P$6 -> 1.03974 | E22: =E27*$P$6 -> 1.00632 | F22: =F27*$P$6 -> 1.18854 | G22: =G27*$P$6 -> 1.242 | H22: =H27*$P$6 -> 2.48496 | I22: =I27*$P$6 -> 2.6136 | J22: =J27*$P$6 -> 2.8086 | K22: =K27*$P$6 -> 2.873328 | ... O22: =O27*$P$6 -> 1.03974 | P22: =SUM(D22:O22) -> 21.283968
C23: 用户冷却塔出水温度（℃） | D23: 22 | E23: 22 | F23: 24 | G23: 24 | H23: 28 | I23: 28 | J23: 30 | K23: 30 | L23: 28 | M23: 28 | N23: 26 | O23: 26
C24: 预计冷却塔出水温度（℃） | D24: =IF($H$4="华南",全国主要城市气象情况!D6,IF($H$4="华东",全国主要城市气象情况!D10,IF($H$4="华中",全国主要城市气象情况!D14,IF($H$4="西南",全国主要城市气象情况!D18,IF($H$4="西北",全国主要城市气象情况!D22,IF($H$4="华北",全国主要城市气象情况!D26,0)))))) -> 21 | E24: =IF($H$4="华南",全国主要城市气象情况!E6,IF($H$4="华东",全国主要城市气象情况!E10,IF($H$4="华中",全国主要城市气象情况!E14,IF($H$4="西南",全国主要城市气象情况!E18,IF($H$4="西北",全国主要城市气象情况!E22,IF($H$4="华北",全国主要城市气象情况!E26,0)))))) -> 21 | F24: =IF($H$4="华南",全国主要城市气象情况!F6,IF($H$4="华东",全国主要城市气象情况!F10,IF($H$4="华中",全国主要城市气象情况!F14,IF($H$4="西南",全国主要城市气象情况!F18,IF($H$4="西北",全国主要城市气象情况!F22,IF($H$4="华北",全国主要城市气象情况!F26,0)))))) -> 21 | G24: =IF($H$4="华南",全国主要城市气象情况!G6,IF($H$4="华东",全国主要城市气象情况!G10,IF($H$4="华中",全国主要城市气象情况!G14,IF($H$4="西南",全国主要城市气象情况!G18,IF($H$4="西北",全国主要城市气象情况!G22,IF($H$4="华北",全国主要城市气象情况!G26,0)))))) -> 21 | H24: =IF($H$4="华南",全国主要城市气象情况!H6,IF($H$4="华东",全国主要城市气象情况!H10,IF($H$4="华中",全国主要城市气象情况!H14,IF($H$4="西南",全国主要城市气象情况!H18,IF($H$4="西北",全国主要城市气象情况!H22,IF($H$4="华北",全国主要城市气象情况!H26,0)))))) -> 21 | I24: =IF($H$4="华南",全国主要城市气象情况!I6,IF($H$4="华东",全国主要城市气象情况!I10,IF($H$4="华中",全国主要城市气象情况!I14,IF($H$4="西南",全国主要城市气象情况!I18,IF($H$4="西北",全国主要城市气象情况!I22,IF($H$4="华北",全国主要城市气象情况!I26,0)))))) -> 25.239616 | J24: =IF($H$4="华南",全国主要城市气象情况!J6,IF($H$4="华东",全国主要城市气象情况!J10,IF($H$4="华中",全国主要城市气象情况!J14,IF($H$4="西南",全国主要城市气象情况!J18,IF($H$4="西北",全国主要城市气象情况!J22,IF($H$4="华北",全国主要城市气象情况!J26,0)))))) -> 27.788587 | K24: =IF($H$4="华南",全国主要城市气象情况!K6,IF($H$4="华东",全国主要城市气象情况!K10,IF($H$4="华中",全国主要城市气象情况!K14,IF($H$4="西南",全国主要城市气象情况!K18,IF($H$4="西北",全国主要城市气象情况!K22,IF($H$4="华北",全国主要城市气象情况!K26,0)))))) -> 27.048411 | ... O24: =IF($H$4="华南",全国主要城市气象情况!O6,IF($H$4="华东",全国主要城市气象情况!O10,IF($H$4="华中",全国主要城市气象情况!O14,IF($H$4="西南",全国主要城市气象情况!O18,IF($H$4="西北",全国主要城市气象情况!O22,IF($H$4="华北",全国主要城市气象情况!O26,0)))))) -> 21
C25: 预计产生的冷机节能量（万kWh） | D25: =IF(D24<D23,D8*0.015*(D23-D24),0) -> 0.2027493 | E25: =IF(E24<E23,E8*0.015*(E23-E24),0) -> 0.1962324 | F25: =IF(F24<F23,F8*0.015*(F23-F24),0) -> 0.6952959 | G25: =IF(G24<G23,G8*0.015*(G23-G24),0) -> 0.72657 | H25: =IF(H24<H23,H8*0.015*(H23-H24),0) -> 3.3919704 | I25: =IF(I24<I23,I8*0.015*(I23-I24),0) -> 1.4068351 | J25: =IF(J24<J23,J8*0.015*(J23-J24),0) -> 1.2111401 | K25: =IF(K24<K23,K8*0.015*(K23-K24),0) -> 1.6537723 | ... O25: =IF(O24<O23,O8*0.015*(O23-O24),0) -> 1.0137465 | P25: =SUM(D25:O25) -> 16.779512 | Q25: =P25/P8 -> 0.060643378 | V25: =P25/P27 -> 0.039418196
B27: 冷站 | C27: 总能耗（万kWh） | D27: 20.7948 | E27: 20.1264 | F27: 23.7708 | G27: 24.84 | H27: 49.6992 | I27: 52.272 | J27: 56.172 | K27: 57.46656 | L27: 52.272 | M27: 25.2588 | N27: 22.212 | O27: 20.7948 | P27: =SUM(D27:O27) -> 425.67936
C28: 冷站预计节能量（万kWh） | D28: =D11+D16+D21+D25 -> 3.8100224 | E28: =E11+E16+E21+E25 -> 5.8519717 | F28: =F11+F16+F21+F25 -> 5.9075187 | G28: =G11+G16+G21+G25 -> 5.8503163 | H28: =H11+H16+H21+H25 -> 9.554853 | I28: =I11+I16+I21+I25 -> 6.8377418 | J28: =J11+J16+J21+J25 -> 7.3041146 | K28: =K11+K16+K21+K25 -> 3.8949681 | ... O28: =O11+O16+O21+O25 -> 5.1762655 | P28: =SUM(D28:O28) -> 81.734773
C29: 冷站节能率 | D29: =P28/P27 -> 0.19201019 | G29: 电费单价（元/kWh） | I29: 0.8 | L29: 节省费用（万元/年） | N29: =P28*I29 -> 65.387818
D30: =D28/D27 -> 0.18321996 | E30: =E28/E27 -> 0.29076098 | F30: =F28/F27 -> 0.24851998 | G30: =G28/G27 -> 0.23551998 | H30: =H28/H27 -> 0.19225366 | I30: =I28/I27 -> 0.13081079 | J30: =J28/J27 -> 0.13003124 | K30: =K28/K27 -> 0.067777993 | ... O30: =O28/O27 -> 0.24892115

Sheet 全国主要城市气象情况
B2: 城市 | C2: 参数 | D2: 1月 | E2: 2月 | F2: 3月 | G2: 4月 | H2: 5月 | I2: 6月 | J2: 7月 | K2: 8月 | L2: 9月 | M2: 10月 | N2: 11月 | O2: 12月
B3: 广州 | C3: 平均温度 | D3: 14.7 | E3: 19.5 | F3: 21.7 | G3: 24.1 | H3: 29.1 | I3: 28.6 | J3: 30.3 | K3: 29 | L3: 30 | M3: 24.4 | N3: 20.4 | O3: 16.4
C4: 相对湿度 | D4: 54.1 | E4: 69.5 | F4: 76.5 | G4: 77.9 | H4: 77.1 | I4: 83.1 | J4: 76.1 | K4: 83.1 | L4: 76.3 | M4: 75.2 | N4: 63.9 | O4: 63.7
C5: 湿球温度 | D5: 9.9264474 | E5: 16.037153 | F5: 18.918359 | G5: 21.333894 | H5: 25.910204 | I5: 26.240712 | J5: 26.889991 | K5: 26.621326 | L5: 26.638618 | M5: 21.270376 | N5: 16.145861 | O5: 12.538897
C6: 冷却塔出水温度 | D6: =IF(D5+4.5<21,21,D5+4.5) -> 21 | E6: =IF(E5+4.5<21,21,E5+4.5) -> 21 | F6: =IF(F5+4.5<21,21,F5+4.5) -> 23.418359 | G6: =IF(G5+4.5<21,21,G5+4.5) -> 25.833894 | H6: =IF(H5+4.5<21,21,H5+4.5) -> 30.410204 | I6: =IF(I5+4.5<21,21,I5+4.5) -> 30.740712 | J6: =IF(J5+4.5<21,21,J5+4.5) -> 31.389991 | K6: =IF(K5+4.5<21,21,K5+4.5) -> 31.121326 | ... O6: =IF(O5+4.5<21,21,O5+4.5) -> 21
B7: 上海 | C7: 平均温度 | D7: 6.6 | E7: 5.8 | F7: 13.3 | G7: 17.1 | H7: 20.2 | I7: 26.1 | J7: 31.1 | K7: 31 | L7: 24.3 | M7: 18.8 | N7: 16.1 | O7: 6.4
C8: 相对湿度 | D8: 71 | E8: 65 | F8: 69 | G8: 66 | H8: 68 | I8: 79 | J8: 73 | K8: 73 | L8: 78 | M8: 71 | N8: 80 | O8: 61
C9: 湿球温度 | D9: 4.3157968 | E9: 3.0742472 | F9: 10.308786 | G9: 13.437695 | H9: 16.489676 | I9: 23.350169 | J9: 27.170886 | K9: 27.078421 | L9: 21.533794 | M9: 15.575757 | N9: 14.060792 | O9: 3.2873991
C10: 冷却塔出水温度 | D10: =IF(D9+4.5<21,21,D9+4.5) -> 21 | E10: =IF(E9+4.5<21,21,E9+4.5) -> 21 | F10: =IF(F9+4.5<21,21,F9+4.5) -> 21 | G10: =IF(G9+4.5<21,21,G9+4.5) -> 21 | H10: =IF(H9+4.5<21,21,H9+4.5) -> 21 | I10: =IF(I9+4.5<21,21,I9+4.5) -> 27.850169 | J10: =IF(J9+4.5<21,21,J9+4.5) -> 31.670886 | K10: =IF(K9+4.5<21,21,K9+4.5) -> 31.578421 | ... O10: =IF(O9+4.5<21,21,O9+4.5) -> 21
B11: 武汉 | C11: 平均温度 | D11: 4.7 | E11: 4.9 | F11: 14.1 | G11: 18.4 | H11: 21.2 | I11: 27.7 | J11: 30.1 | K11: 31.3 | L11: 25.1 | M11: 17.6 | N11: 14.2 | O11: 4.6
C12: 相对湿度 | D12: 85 | E12: 79 | F12: 78 | G12: 72 | H12: 76 | I12: 78 | J12: 77 | K12: 67 | L12: 62 | M12: 73 | N12: 80 | O12: 67
C13: 湿球温度 | D13: 3.713279 | E13: 3.3960685 | F13: 11.974554 | G13: 15.324906 | H13: 18.39208 | I13: 24.721407 | J13: 26.83246 | K13: 26.395453 | L13: 20.060612 | M13: 14.701003 | N13: 12.270657 | O13: 2.1345462
C14: 冷却塔出水温度 | D14: =IF(D13+4.5<21,21,D13+4.5) -> 21 | E14: =IF(E13+4.5<21,21,E13+4.5) -> 21 | F14: =IF(F13+4.5<21,21,F13+4.5) -> 21 | G14: =IF(G13+4.5<21,21,G13+4.5) -> 21 | H14: =IF(H13+4.5<21,21,H13+4.5) -> 22.89208 | I14: =IF(I13+4.5<21,21,I13+4.5) -> 29.221407 | J14: =IF(J13+4.5<21,21,J13+4.5) -> 31.33246 | K14: =IF(K13+4.5<21,21,K13+4.5) -> 30.895453 | ... O14: =IF(O13+4.5<21,21,O13+4.5) -> 21
B15: 成都 | C15: 平均温度 | D15: 7.5 | E15: 7 | F15: 16.8 | G15: 18.1 | H15: 20.6 | I15: 25.5 | J15: 28.4 | K15: 29.9 | L15: 21.2 | M15: 17.7 | N15: 15 | O15: 7.1
C16: 相对湿度 | D16: 84 | E16: 81 | F16: 70 | G16: 73 | H16: 77 | I16: 79 | J16: 71 | K16: 69 | L16: 85 | M16: 81 | N16: 78 | O16: 76
C17: 湿球温度 | D17: 6.2981487 | E17: 5.558272 | F17: 13.624885 | G17: 15.16331 | H17: 17.950781 | I17: 22.786157 | J17: 24.382597 | K17: 25.448379 | L17: 19.425838 | M17: 15.674901 | N17: 12.818968 | O17: 5.2153277
C18: 冷却塔出水温度 | D18: =IF(D17+4.5<21,21,D17+4.5) -> 21 | E18: =IF(E17+4.5<21,21,E17+4.5) -> 21 | F18: =IF(F17+4.5<21,21,F17+4.5) -> 21 | G18: =IF(G17+4.5<21,21,G17+4.5) -> 21 | H18: =IF(H17+4.5<21,21,H17+4.5) -> 22.450781 | I18: =IF(I17+4.5<21,21,I17+4.5) -> 27.286157 | J18: =IF(J17+4.5<21,21,J17+4.5) -> 28.882597 | K18: =IF(K17+4.5<21,21,K17+4.5) -> 29.948379 | ... O18: =IF(O17+4.5<21,21,O17+4.5) -> 21
B19: 西安 | C19: 平均温度 | D19: 2.4 | E19: 3.9 | F19: 13 | G19: 17.6 | H19: 21 | I19: 28.4 | J19: 27.4 | K19: 27.8 | L19: 21.3 | M19: 13.8 | N19: 9.5 | O19: 2.2
C20: 相对湿度 | D20: 67 | E20: 56 | F20: 52 | G20: 49 | H20: 53 | I20: 48 | J20: 68 | K20: 68 | L20: 70 | M20: 76 | N20: 76 | O20: 49
C21: 湿球温度 | D21: 0.10313184 | E21: 0.6576486 | F21: 8.2296293 | G21: 11.756731 | H21: 15.173866 | I21: 20.517214 | J21: 23.023243 | K21: 23.385974 | L21: 17.744652 | M21: 11.490493 | N21: 7.4673636 | O21: -1.3148897
C22: 冷却塔出水温度 | D22: =IF(D21+4.5<21,21,D21+4.5) -> 21 | E22: =IF(E21+4.5<21,21,E21+4.5) -> 21 | F22: =IF(F21+4.5<21,21,F21+4.5) -> 21 | G22: =IF(G21+4.5<21,21,G21+4.5) -> 21 | H22: =IF(H21+4.5<21,21,H21+4.5) -> 21 | I22: =IF(I21+4.5<21,21,I21+4.5) -> 25.017214 | J22: =IF(J21+4.5<21,21,J21+4.5) -> 27.523243 | K22: =IF(K21+4.5<21,21,K21+4.5) -> 27.885974 | ... O22: =IF(O21+4.5<21,21,O21+4.5) -> 21
B23: 济南 | C23: 平均温度 | D23: 1.3 | E23: 2.8 | F23: 10.4 | G23: 17.3 | H23: 22 | I23: 28 | J23: 26.6 | K23: 26.4 | L23: 22.6 | M23: 14.6 | N23: 10.6 | O23: 0.6
C24: 相对湿度 | D24: 56 | E24: 37 | F24: 47 | G24: 45 | H24: 41 | I24: 51 | J24: 75 | K24: 71 | L24: 54 | M24: 55 | N24: 58 | O24: 37
C25: 湿球温度 | D25: -1.6592527 | E25: -1.5572759 | F25: 5.5044926 | G25: 10.976786 | H25: 14.15133 | I25: 20.739616 | J25: 23.288587 | K25: 22.548411 | L25: 16.682697 | M25: 9.9438475 | N25: 6.7633008 | O25: -3.3415804
C26: 冷却塔出水温度 | D26: =IF(D25+4.5<21,21,D25+4.5) -> 21 | E26: =IF(E25+4.5<21,21,E25+4.5) -> 21 | F26: =IF(F25+4.5<21,21,F25+4.5) -> 21 | G26: =IF(G25+4.5<21,21,G25+4.5) -> 21 | H26: =IF(H25+4.5<21,21,H25+4.5) -> 21 | I26: =IF(I25+4.5<21,21,I25+4.5) -> 25.239616 | J26: =IF(J25+4.5<21,21,J25+4.5) -> 27.788587 | K26: =IF(K25+4.5<21,21,K25+4.5) -> 27.048411 | ... O26: =IF(O25+4.5<21,21,O25+4.5) -> 21
